label,amount
1998,86355.03339
1999,85535.60452
2000,85932.60139
2001,86107.49717
2002,88271.15086
2003,87159.53252
2004,87848.28027
2005,81203.33702
2006,84950.01072
2007,85738.08077
2008,82747.20581
2009,78398.29265
2010,80200.2642
2011,83202.21439
2012,85493.83977
2013,86768.93456
2014,92511.81909
2015,99390.80772
2016,103997.3157
